index,SEACell
cell_106997,SEACell-9
cell_113929,SEACell-10
cell_17885,SEACell-2
cell_58734,SEACell-12
cell_57629,SEACell-4
cell_96769,SEACell-2
cell_7807,SEACell-3
cell_73491,SEACell-0
cell_115275,SEACell-12
cell_73324,SEACell-0
cell_111641,SEACell-12
cell_101440,SEACell-2
cell_79177,SEACell-7
cell_42486,SEACell-10
cell_3243,SEACell-4
cell_14871,SEACell-12
cell_101692,SEACell-2
cell_27027,SEACell-1
cell_107513,SEACell-9
cell_128174,SEACell-2
cell_24262,SEACell-3
cell_95263,SEACell-3
cell_100208,SEACell-2
cell_81691,SEACell-4
cell_35147,SEACell-2
cell_106592,SEACell-8
cell_1745,SEACell-4
cell_105674,SEACell-9
cell_41476,SEACell-9
cell_120084,SEACell-5
cell_52485,SEACell-8
cell_89310,SEACell-7
cell_126545,SEACell-2
cell_98200,SEACell-11
cell_43045,SEACell-10
cell_44754,SEACell-8
cell_53311,SEACell-5
cell_98993,SEACell-11
cell_57867,SEACell-8
cell_112810,SEACell-9
cell_138687,SEACell-2
cell_23047,SEACell-12
cell_5295,SEACell-10
cell_114786,SEACell-2
cell_90383,SEACell-7
cell_95619,SEACell-11
cell_4710,SEACell-1
cell_41646,SEACell-4
cell_43808,SEACell-1
cell_119774,SEACell-4
cell_24568,SEACell-1
cell_92859,SEACell-3
cell_104175,SEACell-12
cell_109487,SEACell-9
cell_40535,SEACell-2
cell_130852,SEACell-0
cell_83402,SEACell-9
cell_115828,SEACell-2
cell_126120,SEACell-5
cell_118756,SEACell-5
cell_31698,SEACell-12
cell_120228,SEACell-2
cell_36714,SEACell-6
cell_29361,SEACell-9
cell_7912,SEACell-3
cell_125598,SEACell-3
cell_137378,SEACell-11
cell_52166,SEACell-8
cell_40600,SEACell-1
cell_81469,SEACell-4
cell_74788,SEACell-0
cell_70235,SEACell-11
cell_6726,SEACell-10
cell_40894,SEACell-8
cell_17208,SEACell-2
cell_115568,SEACell-2
cell_137203,SEACell-0
cell_64933,SEACell-11
cell_92592,SEACell-12
cell_15208,SEACell-9
cell_130513,SEACell-2
cell_65828,SEACell-8
cell_15383,SEACell-4
cell_28550,SEACell-4
cell_65693,SEACell-3
cell_55336,SEACell-7
cell_57374,SEACell-4
cell_51314,SEACell-3
cell_104545,SEACell-9
cell_72126,SEACell-2
cell_47791,SEACell-1
cell_66001,SEACell-2
cell_1668,SEACell-9
cell_127113,SEACell-3
cell_34296,SEACell-8
cell_42970,SEACell-4
cell_632,SEACell-2
cell_99678,SEACell-3
cell_68064,SEACell-5
cell_122552,SEACell-5
cell_82783,SEACell-7
cell_27318,SEACell-2
cell_6987,SEACell-9
cell_123757,SEACell-2
cell_15915,SEACell-10
cell_104209,SEACell-9
cell_5483,SEACell-9
cell_10699,SEACell-2
cell_116749,SEACell-3
cell_48481,SEACell-2
cell_89879,SEACell-10
cell_50653,SEACell-7
cell_117669,SEACell-3
cell_126137,SEACell-6
cell_123773,SEACell-5
cell_129464,SEACell-2
cell_9966,SEACell-10
cell_107290,SEACell-9
cell_73730,SEACell-5
cell_116952,SEACell-5
cell_85883,SEACell-9
cell_111025,SEACell-9
cell_5369,SEACell-4
cell_59051,SEACell-10
cell_134549,SEACell-11
cell_78307,SEACell-4
cell_108996,SEACell-7
cell_53113,SEACell-3
cell_125908,SEACell-5
cell_17423,SEACell-8
cell_25644,SEACell-0
cell_16582,SEACell-1
cell_37733,SEACell-11
cell_56054,SEACell-9
cell_77242,SEACell-4
cell_15798,SEACell-9
cell_97696,SEACell-1
cell_102383,SEACell-2
cell_99878,SEACell-0
cell_102088,SEACell-0
cell_80151,SEACell-10
cell_128583,SEACell-2
cell_7645,SEACell-6
cell_125640,SEACell-2
cell_117890,SEACell-2
cell_56240,SEACell-4
cell_89458,SEACell-4
cell_133866,SEACell-2
cell_134515,SEACell-11
cell_68079,SEACell-0
cell_45226,SEACell-9
cell_72876,SEACell-12
cell_23926,SEACell-2
cell_32403,SEACell-11
cell_100219,SEACell-5
cell_128381,SEACell-6
cell_35192,SEACell-2
cell_99023,SEACell-2
cell_103396,SEACell-4
cell_119716,SEACell-2
cell_85773,SEACell-2
cell_14378,SEACell-9
cell_107689,SEACell-9
cell_84537,SEACell-9
cell_97795,SEACell-0
cell_135962,SEACell-1
cell_112984,SEACell-10
cell_135452,SEACell-0
cell_92439,SEACell-4
cell_116350,SEACell-2
cell_2489,SEACell-9
cell_82898,SEACell-10
cell_113924,SEACell-4
cell_46683,SEACell-3
cell_58477,SEACell-10
cell_19873,SEACell-6
cell_115914,SEACell-11
cell_31899,SEACell-11
cell_57833,SEACell-4
cell_52686,SEACell-6
cell_754,SEACell-3
cell_66188,SEACell-0
cell_56571,SEACell-12
cell_58100,SEACell-4
cell_106166,SEACell-9
cell_6747,SEACell-9
cell_118663,SEACell-8
cell_9173,SEACell-4
cell_97580,SEACell-1
cell_36483,SEACell-11
cell_22927,SEACell-3
cell_67139,SEACell-11
cell_72888,SEACell-3
cell_95512,SEACell-0
cell_32664,SEACell-4
cell_37256,SEACell-2
cell_41503,SEACell-10
cell_14091,SEACell-10
cell_58696,SEACell-7
cell_94689,SEACell-1
cell_51657,SEACell-6
cell_3858,SEACell-9
cell_51257,SEACell-3
cell_30918,SEACell-3
cell_44100,SEACell-4
cell_22192,SEACell-1
cell_73188,SEACell-3
cell_59524,SEACell-10
cell_125009,SEACell-3
cell_101832,SEACell-2
cell_47309,SEACell-4
cell_137919,SEACell-5
cell_31857,SEACell-1
cell_78289,SEACell-12
cell_65876,SEACell-1
cell_38444,SEACell-2
cell_130138,SEACell-12
cell_35666,SEACell-11
cell_112364,SEACell-12
cell_81723,SEACell-9
cell_128368,SEACell-11
cell_2663,SEACell-3
cell_120915,SEACell-3
cell_123995,SEACell-2
cell_113605,SEACell-9
cell_126888,SEACell-1
cell_48222,SEACell-2
cell_61447,SEACell-10
cell_66669,SEACell-0
cell_51931,SEACell-2
cell_117382,SEACell-4
cell_102346,SEACell-3
cell_123013,SEACell-4
cell_137597,SEACell-0
cell_25347,SEACell-6
cell_50827,SEACell-2
cell_84166,SEACell-10
cell_44208,SEACell-9
cell_132315,SEACell-1
cell_54025,SEACell-10
cell_128928,SEACell-1
cell_42123,SEACell-9
cell_4208,SEACell-12
cell_76470,SEACell-2
cell_93563,SEACell-2
cell_23417,SEACell-0
cell_28151,SEACell-12
cell_56416,SEACell-8
cell_123919,SEACell-0
cell_68512,SEACell-11
cell_20460,SEACell-3
cell_105851,SEACell-9
cell_77768,SEACell-10
cell_71736,SEACell-5
cell_124567,SEACell-12
cell_25238,SEACell-3
cell_77722,SEACell-3
cell_100810,SEACell-2
cell_63654,SEACell-11
cell_26599,SEACell-4
cell_63356,SEACell-8
cell_102384,SEACell-0
cell_110104,SEACell-9
cell_13282,SEACell-8
cell_84803,SEACell-9
cell_9483,SEACell-1
cell_114331,SEACell-9
cell_59480,SEACell-6
cell_119088,SEACell-2
cell_11120,SEACell-12
cell_83840,SEACell-4
cell_76216,SEACell-0
cell_18950,SEACell-7
cell_39863,SEACell-8
cell_12926,SEACell-12
cell_57073,SEACell-8
cell_65223,SEACell-2
cell_127325,SEACell-2
cell_94567,SEACell-3
cell_31736,SEACell-11
cell_138904,SEACell-11
cell_128123,SEACell-8
cell_54566,SEACell-1
cell_113188,SEACell-6
cell_132168,SEACell-1
cell_69544,SEACell-0
cell_109997,SEACell-9
cell_27735,SEACell-9
cell_135404,SEACell-11
cell_114929,SEACell-11
cell_126544,SEACell-11
cell_57865,SEACell-4
cell_25207,SEACell-11
cell_15794,SEACell-4
cell_95814,SEACell-2
cell_58772,SEACell-8
cell_55665,SEACell-10
cell_137941,SEACell-2
cell_126161,SEACell-5
cell_90227,SEACell-12
cell_97202,SEACell-11
cell_19620,SEACell-2
cell_91417,SEACell-3
cell_122021,SEACell-2
cell_83303,SEACell-8
cell_113815,SEACell-9
cell_74181,SEACell-0
cell_55294,SEACell-8
cell_78656,SEACell-4
cell_102624,SEACell-0
cell_46110,SEACell-10
cell_81897,SEACell-4
cell_86969,SEACell-6
cell_55470,SEACell-4
cell_57771,SEACell-4
cell_88710,SEACell-12
cell_33875,SEACell-11
cell_111751,SEACell-9
cell_18431,SEACell-3
cell_108507,SEACell-9
cell_43498,SEACell-7
cell_27755,SEACell-10
cell_57951,SEACell-4
cell_90855,SEACell-10
cell_118284,SEACell-2
cell_106702,SEACell-10
cell_87908,SEACell-12
cell_37671,SEACell-2
cell_80319,SEACell-9
cell_63166,SEACell-9
cell_46565,SEACell-1
cell_66526,SEACell-8
cell_108635,SEACell-9
cell_92417,SEACell-5
cell_43368,SEACell-9
cell_24109,SEACell-3
cell_12880,SEACell-6
cell_98705,SEACell-2
cell_71543,SEACell-2
cell_133853,SEACell-2
cell_5304,SEACell-6
cell_48534,SEACell-12
cell_54836,SEACell-5
cell_48117,SEACell-7
cell_125657,SEACell-2
cell_110805,SEACell-9
cell_11243,SEACell-2
cell_5161,SEACell-2
cell_134095,SEACell-11
cell_88867,SEACell-4
cell_120824,SEACell-5
cell_7236,SEACell-10
cell_84925,SEACell-9
cell_53848,SEACell-2
cell_62014,SEACell-12
cell_104435,SEACell-9
cell_115128,SEACell-3
cell_36252,SEACell-11
cell_83562,SEACell-9
cell_14308,SEACell-4
cell_52582,SEACell-4
cell_76458,SEACell-2
cell_7460,SEACell-9
cell_131318,SEACell-1
cell_27029,SEACell-4
cell_51883,SEACell-4
cell_26160,SEACell-11
cell_69193,SEACell-0
cell_45950,SEACell-10
cell_84700,SEACell-4
cell_26931,SEACell-3
cell_33344,SEACell-11
cell_39548,SEACell-8
cell_43706,SEACell-3
cell_19089,SEACell-5
cell_79515,SEACell-1
cell_62458,SEACell-4
cell_7197,SEACell-12
cell_71438,SEACell-0
cell_79728,SEACell-6
cell_71424,SEACell-1
cell_48453,SEACell-6
cell_53557,SEACell-6
cell_87182,SEACell-4
cell_25476,SEACell-11
cell_82212,SEACell-6
cell_9750,SEACell-6
cell_71776,SEACell-8
cell_7870,SEACell-3
cell_7164,SEACell-9
cell_134474,SEACell-5
cell_31951,SEACell-2
cell_31181,SEACell-11
cell_119365,SEACell-8
cell_97733,SEACell-11
cell_76709,SEACell-0
cell_112233,SEACell-4
cell_5321,SEACell-4
cell_9912,SEACell-6
cell_32070,SEACell-12
cell_70066,SEACell-0
cell_94370,SEACell-8
cell_81931,SEACell-4
cell_10626,SEACell-10
cell_909,SEACell-1
cell_111425,SEACell-9
cell_45729,SEACell-5
cell_22411,SEACell-6
cell_132493,SEACell-2
cell_25636,SEACell-12
cell_26200,SEACell-6
cell_72058,SEACell-5
cell_26480,SEACell-1
cell_136798,SEACell-11
cell_87080,SEACell-9
cell_15876,SEACell-9
cell_58222,SEACell-9
cell_29577,SEACell-10
cell_95376,SEACell-2
cell_84832,SEACell-6
cell_5697,SEACell-10
cell_134339,SEACell-1
cell_12572,SEACell-3
cell_11338,SEACell-12
cell_126614,SEACell-2
cell_48955,SEACell-3
cell_94326,SEACell-1
cell_79200,SEACell-10
cell_70697,SEACell-11
cell_118821,SEACell-3
cell_135569,SEACell-2
cell_16635,SEACell-3
cell_111023,SEACell-12
cell_127477,SEACell-11
cell_87549,SEACell-9
cell_11015,SEACell-3
cell_49005,SEACell-7
cell_47050,SEACell-3
cell_67964,SEACell-3
cell_115952,SEACell-3
cell_99018,SEACell-0
cell_100976,SEACell-2
cell_103368,SEACell-7
cell_111965,SEACell-9
cell_68343,SEACell-2
cell_25768,SEACell-0
cell_127133,SEACell-11
cell_78674,SEACell-9
cell_98509,SEACell-0
cell_61983,SEACell-9
cell_39277,SEACell-1
cell_123967,SEACell-2
cell_44131,SEACell-6
cell_135317,SEACell-11
cell_91335,SEACell-2
cell_52140,SEACell-4
cell_7475,SEACell-8
cell_18796,SEACell-3
cell_136419,SEACell-3
cell_113395,SEACell-9
cell_89925,SEACell-12
cell_88955,SEACell-7
cell_121941,SEACell-8
cell_130874,SEACell-11
cell_12671,SEACell-3
cell_118730,SEACell-12
cell_121243,SEACell-11
cell_80345,SEACell-9
cell_51739,SEACell-7
cell_60011,SEACell-12
cell_19219,SEACell-3
cell_106586,SEACell-12
cell_119811,SEACell-3
cell_38838,SEACell-0
cell_129624,SEACell-2
cell_118338,SEACell-11
cell_132011,SEACell-1
cell_15625,SEACell-10
cell_128114,SEACell-5
cell_115558,SEACell-3
cell_128906,SEACell-2
cell_52066,SEACell-3
cell_1468,SEACell-9
cell_68419,SEACell-3
cell_89427,SEACell-8
cell_121547,SEACell-12
cell_35689,SEACell-11
cell_14230,SEACell-9
cell_42998,SEACell-12
cell_28142,SEACell-9
cell_19379,SEACell-2
cell_129426,SEACell-1
cell_50559,SEACell-3
cell_12540,SEACell-4
cell_128804,SEACell-2
cell_57115,SEACell-8
cell_13473,SEACell-5
cell_28095,SEACell-9
cell_106704,SEACell-9
cell_67945,SEACell-1
cell_34722,SEACell-11
cell_125741,SEACell-3
cell_16078,SEACell-4
cell_43880,SEACell-12
cell_131893,SEACell-0
cell_70460,SEACell-5
cell_68097,SEACell-1
cell_72150,SEACell-2
cell_111019,SEACell-4
cell_128855,SEACell-2
cell_98612,SEACell-5
cell_48704,SEACell-12
cell_112189,SEACell-9
cell_95057,SEACell-5
cell_63784,SEACell-3
cell_40233,SEACell-8
cell_82765,SEACell-4
cell_15311,SEACell-9
cell_103984,SEACell-7
cell_91399,SEACell-5
cell_111659,SEACell-9
cell_76565,SEACell-2
cell_90633,SEACell-9
cell_69997,SEACell-0
cell_117886,SEACell-11
cell_20649,SEACell-2
cell_21354,SEACell-8
cell_105045,SEACell-9
cell_78172,SEACell-9
cell_28207,SEACell-4
cell_81662,SEACell-10
cell_46427,SEACell-3
cell_108091,SEACell-4
cell_59799,SEACell-9
cell_73241,SEACell-0
cell_54885,SEACell-9
cell_62035,SEACell-4
cell_128581,SEACell-1
cell_19427,SEACell-12
cell_102005,SEACell-2
cell_28299,SEACell-4
cell_51458,SEACell-10
cell_54965,SEACell-3
cell_17922,SEACell-2
cell_49024,SEACell-6
cell_134811,SEACell-3
cell_127295,SEACell-6
cell_35024,SEACell-11
cell_15484,SEACell-4
cell_99781,SEACell-2
cell_29756,SEACell-9
cell_131566,SEACell-11
cell_71,SEACell-9
cell_15018,SEACell-4
cell_13958,SEACell-8
cell_63583,SEACell-1
cell_112796,SEACell-4
cell_89900,SEACell-4
cell_33373,SEACell-11
cell_72095,SEACell-1
cell_6862,SEACell-9
cell_91937,SEACell-0
cell_52076,SEACell-1
cell_107309,SEACell-8
cell_11678,SEACell-12
cell_24274,SEACell-5
cell_5543,SEACell-9
cell_122943,SEACell-2
cell_99559,SEACell-2
cell_61877,SEACell-6
cell_68547,SEACell-0
cell_84957,SEACell-2
cell_35453,SEACell-11
cell_19079,SEACell-1
cell_80683,SEACell-12
cell_8391,SEACell-6
cell_97385,SEACell-12
cell_101281,SEACell-0
cell_49117,SEACell-4
cell_12373,SEACell-6
cell_11648,SEACell-12
cell_120240,SEACell-6
cell_96151,SEACell-5
cell_119725,SEACell-12
cell_118005,SEACell-2
cell_79525,SEACell-9
cell_82774,SEACell-7
cell_31536,SEACell-12
cell_124328,SEACell-2
cell_101062,SEACell-1
cell_102784,SEACell-2
cell_32370,SEACell-6
cell_52149,SEACell-9
cell_102708,SEACell-2
cell_109631,SEACell-9
cell_85191,SEACell-10
cell_12077,SEACell-5
cell_138204,SEACell-0
cell_122947,SEACell-2
cell_8410,SEACell-5
cell_66352,SEACell-5
cell_85963,SEACell-7
cell_10578,SEACell-6
cell_102819,SEACell-11
cell_37284,SEACell-2
cell_97575,SEACell-0
cell_136073,SEACell-11
cell_118475,SEACell-4
cell_43882,SEACell-2
cell_136791,SEACell-2
cell_77164,SEACell-11
cell_21218,SEACell-12
cell_53238,SEACell-3
cell_548,SEACell-3
cell_107779,SEACell-4
cell_117414,SEACell-5
cell_27985,SEACell-4
cell_8099,SEACell-6
cell_124961,SEACell-1
cell_32497,SEACell-11
cell_105142,SEACell-4
cell_83331,SEACell-4
cell_80268,SEACell-10
cell_136218,SEACell-12
cell_52777,SEACell-3
cell_15843,SEACell-7
cell_43477,SEACell-4
cell_105914,SEACell-4
cell_132665,SEACell-3
cell_92709,SEACell-4
cell_106132,SEACell-9
cell_12302,SEACell-12
cell_100733,SEACell-0
cell_66191,SEACell-1
cell_61247,SEACell-9
cell_43735,SEACell-10
cell_57272,SEACell-4
cell_135924,SEACell-11
cell_97553,SEACell-2
cell_113485,SEACell-9
cell_13033,SEACell-8
cell_19245,SEACell-4
cell_61614,SEACell-7
cell_74618,SEACell-0
cell_128249,SEACell-11
cell_17043,SEACell-1
cell_66974,SEACell-11
cell_47377,SEACell-7
cell_84549,SEACell-10
cell_83942,SEACell-10
cell_74342,SEACell-2
cell_94351,SEACell-8
cell_26664,SEACell-4
cell_94723,SEACell-12
cell_59785,SEACell-7
cell_124929,SEACell-5
cell_41531,SEACell-9
cell_11354,SEACell-5
cell_87743,SEACell-1
cell_75986,SEACell-1
cell_77268,SEACell-9
cell_79888,SEACell-9
cell_74810,SEACell-11
cell_50053,SEACell-7
cell_102630,SEACell-0
cell_76894,SEACell-0
cell_37624,SEACell-3
cell_29046,SEACell-4
cell_79836,SEACell-4
cell_134301,SEACell-11
cell_90442,SEACell-9
cell_1098,SEACell-1
cell_122826,SEACell-2
cell_104191,SEACell-7
cell_125436,SEACell-4
cell_39437,SEACell-1
cell_64173,SEACell-1
cell_10805,SEACell-6
cell_22533,SEACell-7
cell_125549,SEACell-12
cell_126420,SEACell-1
cell_113745,SEACell-10
cell_88132,SEACell-7
cell_31263,SEACell-11
cell_108206,SEACell-4
cell_124156,SEACell-2
cell_123273,SEACell-5
cell_8254,SEACell-1
cell_114224,SEACell-7
cell_84975,SEACell-8
cell_16696,SEACell-6
cell_114419,SEACell-4
cell_82383,SEACell-9
cell_117119,SEACell-1
cell_104392,SEACell-4
cell_119791,SEACell-11
cell_1250,SEACell-3
cell_49496,SEACell-7
cell_60144,SEACell-1
cell_120098,SEACell-3
cell_4199,SEACell-7
cell_93745,SEACell-0
cell_87437,SEACell-4
cell_138797,SEACell-3
cell_122535,SEACell-5
cell_130454,SEACell-2
cell_9206,SEACell-12
cell_16821,SEACell-11
cell_104186,SEACell-7
cell_113074,SEACell-9
cell_108595,SEACell-4
cell_77030,SEACell-0
cell_10681,SEACell-12
cell_28056,SEACell-10
cell_89887,SEACell-9
cell_137759,SEACell-0
cell_26909,SEACell-10
cell_134645,SEACell-2
cell_11236,SEACell-12
cell_27070,SEACell-11
cell_10944,SEACell-2
cell_17345,SEACell-3
cell_41890,SEACell-9
cell_28454,SEACell-9
cell_11935,SEACell-6
cell_27157,SEACell-0
cell_107181,SEACell-7
cell_92647,SEACell-11
cell_132355,SEACell-11
cell_100218,SEACell-0
cell_83800,SEACell-7
cell_90967,SEACell-12
cell_56249,SEACell-5
cell_35893,SEACell-12
cell_135665,SEACell-11
cell_63560,SEACell-5
cell_39614,SEACell-1
cell_82955,SEACell-9
cell_73259,SEACell-5
cell_78206,SEACell-7
cell_76813,SEACell-1
cell_138401,SEACell-2
cell_94575,SEACell-6
cell_54273,SEACell-2
cell_21359,SEACell-6
cell_80503,SEACell-3
cell_80072,SEACell-4
cell_16912,SEACell-8
cell_111484,SEACell-10
cell_45099,SEACell-12
cell_76057,SEACell-12
cell_106768,SEACell-4
cell_126277,SEACell-2
cell_112716,SEACell-9
cell_78485,SEACell-9
cell_91636,SEACell-2
cell_88661,SEACell-12
cell_65079,SEACell-1
cell_103906,SEACell-9
cell_137842,SEACell-2
cell_12180,SEACell-12
cell_114429,SEACell-9
cell_69869,SEACell-2
cell_30347,SEACell-4
cell_85135,SEACell-4
cell_132567,SEACell-11
cell_71382,SEACell-5
cell_69294,SEACell-1
cell_49065,SEACell-1
cell_106330,SEACell-7
cell_48122,SEACell-5
cell_76713,SEACell-1
cell_122310,SEACell-5
cell_113804,SEACell-9
cell_52842,SEACell-9
cell_18327,SEACell-2
cell_136654,SEACell-0
cell_77948,SEACell-10
cell_126081,SEACell-4
cell_2516,SEACell-4
cell_48913,SEACell-7
cell_71804,SEACell-5
cell_53659,SEACell-10
cell_111731,SEACell-7
cell_22048,SEACell-2
cell_49624,SEACell-12
cell_113195,SEACell-9
cell_22169,SEACell-12
cell_73950,SEACell-0
cell_87766,SEACell-4
cell_95134,SEACell-3
cell_30665,SEACell-11
cell_54980,SEACell-4
cell_90569,SEACell-9
cell_90686,SEACell-10
cell_71929,SEACell-0
cell_67310,SEACell-1
cell_83911,SEACell-9
cell_27780,SEACell-4
cell_6698,SEACell-4
cell_5749,SEACell-9
cell_18573,SEACell-2
cell_82326,SEACell-9
cell_84941,SEACell-4
cell_43168,SEACell-9
cell_132504,SEACell-0
cell_77368,SEACell-9
cell_14575,SEACell-9
cell_23611,SEACell-6
cell_16828,SEACell-4
cell_16732,SEACell-1
cell_38363,SEACell-3
cell_13231,SEACell-11
cell_116658,SEACell-2
cell_19583,SEACell-12
cell_44095,SEACell-12
cell_42862,SEACell-9
cell_137918,SEACell-1
cell_54465,SEACell-10
cell_137181,SEACell-2
cell_60129,SEACell-4
cell_67759,SEACell-3
cell_30914,SEACell-1
cell_34302,SEACell-5
cell_38173,SEACell-1
cell_85336,SEACell-10
cell_2946,SEACell-10
cell_18913,SEACell-6
cell_20206,SEACell-11
cell_29497,SEACell-7
cell_67229,SEACell-2
cell_68032,SEACell-5
cell_35345,SEACell-12
cell_32443,SEACell-1
cell_24429,SEACell-6
cell_43816,SEACell-2
cell_59974,SEACell-4
cell_17909,SEACell-0
cell_81438,SEACell-9
cell_81029,SEACell-9
cell_58730,SEACell-4
cell_52048,SEACell-7
cell_114222,SEACell-9
cell_78937,SEACell-10
cell_1332,SEACell-10
cell_50011,SEACell-5
cell_79311,SEACell-4
cell_60739,SEACell-10
cell_58885,SEACell-1
cell_82105,SEACell-9
cell_56443,SEACell-1
cell_120512,SEACell-5
cell_91740,SEACell-2
cell_61852,SEACell-12
cell_128049,SEACell-3
cell_71997,SEACell-0
cell_78800,SEACell-4
cell_36755,SEACell-4
cell_57129,SEACell-9
cell_41589,SEACell-4
cell_68101,SEACell-2
cell_100816,SEACell-2
cell_91327,SEACell-5
cell_87142,SEACell-9
cell_83895,SEACell-10
cell_100478,SEACell-5
cell_129793,SEACell-1
cell_100975,SEACell-3
cell_65756,SEACell-0
cell_46529,SEACell-2
cell_106036,SEACell-9
cell_11854,SEACell-4
cell_109512,SEACell-9
cell_667,SEACell-1
cell_78492,SEACell-9
cell_85426,SEACell-9
cell_79588,SEACell-8
cell_11985,SEACell-1
cell_18551,SEACell-11
cell_18271,SEACell-2
cell_121839,SEACell-2
cell_85095,SEACell-12
cell_34167,SEACell-11
cell_45560,SEACell-12
cell_54669,SEACell-12
cell_139082,SEACell-3
cell_103227,SEACell-0
cell_84561,SEACell-9
cell_10906,SEACell-2
cell_54986,SEACell-4
cell_32021,SEACell-11
cell_114783,SEACell-2
cell_85649,SEACell-4
cell_79986,SEACell-9
cell_4140,SEACell-7
cell_5963,SEACell-10
cell_135065,SEACell-11
cell_25794,SEACell-3
cell_2379,SEACell-9
cell_11142,SEACell-3
cell_486,SEACell-2
cell_69349,SEACell-2
cell_11036,SEACell-5
cell_118035,SEACell-2
cell_980,SEACell-4
cell_91217,SEACell-12
cell_117325,SEACell-1
cell_17969,SEACell-4
cell_22593,SEACell-0
cell_72489,SEACell-1
cell_129545,SEACell-11
cell_75292,SEACell-2
cell_131177,SEACell-0
cell_93066,SEACell-11
cell_5414,SEACell-2
cell_65661,SEACell-6
cell_16043,SEACell-4
cell_82784,SEACell-9
cell_46852,SEACell-4
cell_82387,SEACell-9
cell_130380,SEACell-3
cell_68712,SEACell-5
cell_12878,SEACell-8
cell_116399,SEACell-1
cell_5937,SEACell-9
cell_89995,SEACell-12
cell_36796,SEACell-1
cell_118511,SEACell-3
cell_104458,SEACell-7
cell_81635,SEACell-7
cell_45382,SEACell-8
cell_91536,SEACell-3
cell_9855,SEACell-8
cell_73825,SEACell-1
cell_79293,SEACell-1
cell_137813,SEACell-0
cell_10581,SEACell-3
cell_35261,SEACell-12
cell_102782,SEACell-0
cell_14458,SEACell-9
cell_91676,SEACell-0
cell_72827,SEACell-11
cell_5422,SEACell-4
cell_1656,SEACell-9
cell_123676,SEACell-2
cell_47277,SEACell-3
cell_94464,SEACell-5
cell_127056,SEACell-2
cell_52838,SEACell-10
cell_63138,SEACell-12
cell_50440,SEACell-3
cell_10501,SEACell-7
cell_77837,SEACell-7
cell_37998,SEACell-2
cell_56094,SEACell-10
cell_42557,SEACell-9
cell_88649,SEACell-9
cell_21566,SEACell-12
cell_50996,SEACell-6
cell_123405,SEACell-4
cell_80016,SEACell-4
cell_108610,SEACell-9
cell_57199,SEACell-9
cell_55426,SEACell-7
cell_104847,SEACell-9
cell_43467,SEACell-4
cell_45399,SEACell-1
cell_102699,SEACell-5
cell_63913,SEACell-5
cell_129120,SEACell-2
cell_52147,SEACell-1
cell_111611,SEACell-9
cell_28937,SEACell-4
cell_26701,SEACell-12
cell_103028,SEACell-0
cell_70059,SEACell-2
cell_57594,SEACell-7
cell_99701,SEACell-0
cell_89189,SEACell-4
cell_137536,SEACell-11
cell_72786,SEACell-11
cell_93663,SEACell-3
cell_72628,SEACell-3
cell_118882,SEACell-6
cell_132146,SEACell-8
cell_104030,SEACell-4
cell_22127,SEACell-2
cell_99940,SEACell-1
cell_11477,SEACell-12
cell_52233,SEACell-5
cell_126387,SEACell-3
cell_93897,SEACell-11
cell_15132,SEACell-9
cell_101516,SEACell-11
cell_35231,SEACell-3
cell_79092,SEACell-4
cell_9998,SEACell-8
cell_24295,SEACell-12
cell_47424,SEACell-10
cell_136598,SEACell-2
